{"featuredCountries":[{"name":"France","capital":"Paris","code":"FR","continent":"Europe","featured":false},{"name":"Japan","capital":"Tokyo","code":"JP","continent":"Asia","featured":false,"lastFeaturedDate":"2025-09-18"},{"name":"Australia","capital":"Canberra","code":"AU","continent":"Oceania","featured":false,"lastFeaturedDate":"2025-05-21"},{"name":"Brazil","capital":"Brasilia","code":"BR","continent":"South America","featured":false,"lastFeaturedDate":"2025-08-28"},{"name":"Canada","capital":"Ottawa","code":"CA","continent":"North America","featured":false,"lastFeaturedDate":"2025-04-16"},{"name":"Egypt","capital":"Cairo","code":"EG","continent":"Africa","featured":false},{"name":"Italy","capital":"Rome","code":"IT","continent":"Europe","featured":false,"lastFeaturedDate":"2025-08-16"},{"name":"Thailand","capital":"Bangkok","code":"TH","continent":"Asia","featured":false,"lastFeaturedDate":"2025-08-05"},{"name":"South Africa","capital":"Pretoria","code":"ZA","continent":"Africa","featured":false,"lastFeaturedDate":"2025-09-15"},{"name":"Mexico","capital":"Mexico City","code":"MX","continent":"North America","featured":false},{"name":"India","capital":"New Delhi","code":"IN","continent":"Asia","featured":false,"lastFeaturedDate":"2025-08-29"},{"name":"Spain","capital":"Madrid","code":"ES","continent":"Europe","featured":false,"lastFeaturedDate":"2025-09-16"},{"name":"Indonesia","capital":"Jakarta","code":"ID","continent":"Asia","featured":false,"lastFeaturedDate":"2025-08-31"},{"name":"United Kingdom","capital":"London","code":"GB","continent":"Europe","featured":false,"lastFeaturedDate":"2025-08-09"},{"name":"Argentina","capital":"Buenos Aires","code":"AR","continent":"South America","featured":false,"lastFeaturedDate":"2025-09-02"},{"name":"New Zealand","capital":"Wellington","code":"NZ","continent":"Oceania","featured":false,"lastFeaturedDate":"2025-09-14"},{"name":"Greece","capital":"Athens","code":"GR","continent":"Europe","featured":true,"lastFeaturedDate":"2025-09-22"},{"name":"Vietnam","capital":"Hanoi","code":"VN","continent":"Asia","featured":false,"lastFeaturedDate":"2025-04-29"},{"name":"Peru","capital":"Lima","code":"PE","continent":"South America","featured":false,"lastFeaturedDate":"2025-08-23"},{"name":"Morocco","capital":"Rabat","code":"MA","continent":"Africa","featured":false},{"name":"Turkey","capital":"Ankara","code":"TR","continent":"Europe","featured":false,"lastFeaturedDate":"2025-04-27"},{"name":"United States","capital":"Washington, D.C.","code":"US","continent":"North America","featured":false,"lastFeaturedDate":"2025-08-24"},{"name":"Switzerland","capital":"Bern","code":"CH","continent":"Europe","featured":false,"lastFeaturedDate":"2025-09-20"},{"name":"Colombia","capital":"Bogotá","code":"CO","continent":"South America","featured":false,"lastFeaturedDate":"2025-03-29"},{"name":"China","capital":"Beijing","code":"CN","continent":"Asia","featured":false,"lastFeaturedDate":"2025-09-21"},{"name":"Portugal","capital":"Lisbon","code":"PT","continent":"Europe","featured":false,"lastFeaturedDate":"2025-08-04"},{"name":"Singapore","capital":"Singapore","code":"SG","continent":"Asia","featured":false,"lastFeaturedDate":"2025-05-15"},{"name":"Kenya","capital":"Nairobi","code":"KE","continent":"Africa","featured":false},{"name":"Ireland","capital":"Dublin","code":"IE","continent":"Europe","featured":false,"lastFeaturedDate":"2025-06-22"},{"name":"Costa Rica","capital":"San José","code":"CR","continent":"North America","featured":false,"lastFeaturedDate":"2025-09-19"}],"currentFeaturedCountry":{"name":"Greece","capital":"Athens","code":"GR","continent":"Europe","featured":true,"lastFeaturedDate":"2025-09-22"},"lastUpdated":"2025-09-22T03:47:34.763Z"}